{
    "mean_loss": 0.46130579710006714,
    "mean_accuracy": 0.46130579710006714,
    "mean_auprc": 0.46130579710006714,
    "mean_auroc": 0.46130579710006714,
    "std_loss": 0.06179403141140938,
    "std_accuracy": 0.06179403141140938,
    "std_auprc": 0.06179403141140938,
    "std_auroc": 0.06179403141140938
}