{
    "mean_loss": 0.563784122467041,
    "mean_accuracy": 0.563784122467041,
    "mean_auprc": 0.563784122467041,
    "mean_auroc": 0.563784122467041,
    "std_loss": 0.1248030737042427,
    "std_accuracy": 0.1248030737042427,
    "std_auprc": 0.1248030737042427,
    "std_auroc": 0.1248030737042427
}